"中印对峙之际,印度“亲华分子”和我说了心里话",http://mp.weixin.qq.com/s?src=11&timestamp=1509464425&ver=486&signature=TUKDjKaRoy5L1PYoOR0DaMX33b0NOvYxfCyTR1hbMsBd1rNpegyu9qPuLB4pWDfw6Nl2xPqdFk7hQj6J4T6FnGGyZF2fFDD7Y6AHP1hFecfn1ikZrvffNNDhRiOWbF98&new=1,从我国国防部发言人任国强6月26日称，中方近日在洞朗地区进行道路施工时，遭到印军越线阻拦，导致双方发生军事对峙算起，中印边界冲突已经持续半个多月了，而且眼下似乎还没有要平静的迹象。。中印边界一向并不太平，但这次事件却与以往的对峙有本质区别：这是1962年战争结束以来，印度军队第一次跨过无争议边界，进入我国领土境内。而且在我国多次严正警告之后，印军仍拒不撤出，至今已经差不多过了一个月。。本次对峙事件在我国国内引起了巨大反响。人们都对印军的侵略行为义愤填膺，同时也惊叹于印度方面的狂妄与嚣张。身兼国防部长印度高官阿伦·贾伊特利的一句“印度已非1962年的印度”传到我国后，遭到很多网友的反驳与嘲讽：印度固然不是1962年的印度，但中国也不是1962年的中国了，强者仍是强者，再发生冲突，印度只会输得更惨。。网友的判断并非无穴来风，关于印度与中国在经济、军事等方面的差距，毋庸多言，已是有目共睹。作为弱方，印度人自己可能比我们更为清楚。那么，这次印度为什么要如此固执地挑起事端，且至今拒不让步呢？带着这个疑问，我拨通了一位印度朋友Sanjay的网络电话，想要从他那儿侦查一些“敌方”的心理活动。。Sanjay（化名）是个不折不扣的中国迷。我最早和他认识，是在四年前的Italki语言学习平台上，当时还是高中生的他主动联系我，想要学习中文（我则向他学习印地语）。。他告诉我，2008年北京奥运给了他很大的震撼，所以从高中开始，他就开始自学中文。当时还在复旦读书的笔者曾用手机skype带他远程视频一瞥了上海陆家嘴，从那之后，他就再也没有给我发过孟买的图片了。。后来Sanjay考入了孟买最好的大学学习商学，利用业余时间，阅读了徐中约的《The Rise of Modern China》（中国近代史）等书，对中国革命历史了解颇多。作为一个“中国通”的Sanjay，与我有着许多共同话题。。与一些印度人不同，他对中印关系有着冷静思考，深知印度想要发展，必须与中国保持良好关系，还多次说自己是个“亲华分子”（Pro-China）。。对于军事对峙这个敏感话题，本来我只是抱着尝试的态度，试探性地问了问他对此有没有了解。没想到他似乎早准备了一肚子的话要和我说。相比印度的军官和政客，Sanjay显然更为坦诚，几乎无拘束地将他多年的观察和思考和盘托出。笔者略作整理，录之成文。从他那里，我们可以看到相当一部分印度人的真实想法。。看到中国崛起，印度人心理感到十分不平衡，这是在中印矛盾之中，印度人最重要而广泛的心理背景。Sanjay向我承认，即使是作为一个亲华派（Sinophile）的他，也常因目前中印之间的巨大差距而感觉苦闷不安：。Sanjay接着说，。近年来，智能手机等中国品牌产品涌入印度，很快征服了当地市场。印度人在赞叹中国产品性价比之高，佩服中国工程师研发能力之强的同时，也不免生出了嫉妒心理。。Sanjay本身就是一位“米粉”，他对我说：。“中国有个词叫‘羡慕嫉妒恨’，你知道什么意思吗？”我问道。。“对，可能就是那种感觉吧。”他答道。。“而这次对峙，”Sanjay接着说道，“我想我们的政府正是利用了这一点，以保护不丹的名义与中国争夺战略要地。他们让不丹外交部发表声明抗议中方在中不争议地区的修路行为，以求在国际舆论中将中国塑造成一个欺凌弱国的坏形象。不丹位于喜马拉雅山脉的南侧，地理决定了它在中印之间更依赖印度，所以它没有选择，必须照做。”。“如果说以前印度人只是嫉妒的话，最近你们真是把我们逼急了。在我们看来，国家安全快要彻底落入中国的掌控之中，不采取极端行动，还有什么办法呢？”Sanjay开始激动了起来。。从十多年前开始，就有印度人炒作中国的“珍珠链战略”（最早由美国人提出），认为中国在谋划通过在印度洋区域建设海外港口、军事基地，来配合陆上力量全方位包围印度。。“‘珍珠链’可能只是想象，但今年中国的战略部署可实实在在地把我们吓到了，最令我们不安的就是中巴经济走廊，以及这次的洞朗修路。”。他接着说道：。Sanjay停顿了一下，继续说道：。“中国已经诚挚邀请印度加入这一互利共赢的经济发展项目，可印度始终躲躲闪闪、过度猜忌，这不能怪我们吧。”我反驳道。。“那至少应该先改名，给印度一个台阶下（make India feel comfortable）。现在这个叫法，令印度的参与名不正、言不顺。”Sanjay这样回应我的质疑，“总之，这一项目令印度人感受到来自中国的敌意，而我们又没有反制手段，所以十分苦恼。这种苦闷情绪到中国在洞朗修路时，终于集中爆发。”。“距中印对峙之地洞朗仅几十公里处，有一条西里古里走廊。看印度地图就能知道，被称为‘印度的咽喉’的西里古里走廊是多么的重要，又是多么的脆弱。那里是印度国防的聚焦点之一，重兵把守，不敢出任何差错。。之前，由于青藏高原山路艰险，印度自信能够抵挡住来自中国的进攻。但现在这种均势正在被修建中的洞朗公路打破。印度媒体已经报道，中国特地研制了一种专供高原、山地作战的轻型坦克，并在西藏地区部署、实测。十分明显，这种坦克是针对哪个国家。”。说到这里时，Sanjay的嗓音已经有些嘶哑，在谈到中国对印度的军事优势时，他不止一次用到“suffocating”（令人窒息）一词。电话的那一边，似乎传来了轻微的哽咽声。我想，对于Sanjay来说，向一个国际友人倾诉自己国家的弱势境地，应该也是一件令人难过的事情吧。。在和Sanjay等年轻印度人的交流中，我可以感受到，印度人渴望民族复兴的心情与中国人很相似。我们遥想汉唐盛世，他们也会怀念孔雀帝国、笈多王朝。。虽然目前印度比较落后，但印度人大多很以自己的民族身份而自豪，正是因为这种有时夹杂着不切实际幻想的骄傲，令印度人不愿做任何其他国家的跟班。。这种态度反映到外交政策上，即强调独立自主。九十年代末，印度曾不顾美国的警告与制裁，坚持发展核武器，就是一例。。但今年的几个事件却显示出印度逐渐靠向美国、日本的趋势。最明显的，是印度倡议和美日共同建设“亚非增长走廊”，大量购买美国军备，以及近日（7月中旬）正在举行的“马拉巴尔”印美日联合军演。最后一点尤其引起了我的注意，因为这次的军演规模空前，三国都派出了航母或准航母编队参加，而军演的主题正是反潜——摆明针对我国海军力量。。我问Sanjay，为什么印度会投入美日的怀抱，这难道不与印度独立自主的理念相违背吗？。他答道：。“其实，我们都知道，这种合作是很不可靠的，”Sanjay坦率地说，“中印如若真发生大规模冲突，美日会在舆论、军备或物资上给予印度支援，但绝不会冒着与中国开战的风险赤膊上阵。我们想要借助他们的力量平衡中国，而他们则是想利用印度来消耗中国的实力，以达到遏制中国崛起的目的。”。Sanjay提高了语调：。在一些新闻的评论栏里，印度网民似乎显得十分乖戾、暴躁，给我们造成印度人全部反华的错觉。笔者看来，这种印象和网络本身的性质有关：人们在网络上更倾向于发泄负面情绪，而负面的内容也更容易得到广泛传播。。其实，像Sanjay这样对中国抱有好感的印度人并不少。。据2015年皮尤研究中心（Pew）的调查，41%的印度人对中国持正面印象，而持负面印象的则相对较少（32%）。对中国持好感的现象在印度的年轻人群体中尤为明显，这部分年轻人在媒体上了解到了中国在经济、军事、基础设施建设等方面的巨大成就，在羡慕之余，也能更冷静地思考中印关系，清楚地认识到努力维持中印友好的必要性。。所以，我觉得，Sanjay所说的话能代表相当一部分印度人的真实心理。他比印度官方人士更为真诚，敢于说出真实想法，暴露印度的弱点所在。。本次印度军队越界进入我国境内，与侵略行为无异，我国有权动用一切手段将敌人驱逐出国门之外。。与此同时，我们也应该多途径、全方位地去了解印度。对于我们中国人来说，深入去探究一下印度人对中国、对中印矛盾的真实看法，比简单宣称“那是一群我们无法理解的疯子”，或者说成是“我们不屑一顾的傻子”要更好。对印度舆情、民心的了解可以帮助我们更好地把握局势，切实地维护我国国家利益。。毕竟，知己知彼，方能百战不殆。
"中印对峙,英国站队,莫迪听后哭晕!",http://mp.weixin.qq.com/s?src=11&timestamp=1509464425&ver=486&signature=mdrV9N5FPschvGDNuwEeLAyBBB*3G5oYtirHyCjumczud4mx8XbbKnqk4HbNMR5cPP1QutXYJRjpmBLmGl6f0uBKwCxBH*vrw1PYf9OWWGHnhQoRfsAQGJ5ATE-ZvCNF&new=1,莫大仙：握死她的亲孙子！。中美为何突然谈阿富汗和巴基斯坦局势？中美讨论的内容有何玄机？特朗普有一句话透露神秘玄机！相关分析评论，请看最新占豪在新财迷微信公众号的点评。
"中印对峙事件,不仅仅是让印度、更是让世界看到了中国的强大!",http://mp.weixin.qq.com/s?src=11&timestamp=1509464425&ver=486&signature=N1q5ADcBp7vxCA6HLsJGNZ0enDSYA-NGoPupLHCQL0aM3jAsRUxJHNOYfQFxJqa8SZ8P3rMAXYvE-uJE15kxv7PB8zLe2flt7yaGlAvh3LBeB4BfSZQLF59GffDPQl4M&new=1,
中印对峙:三哥淫威下的不丹王国,http://mp.weixin.qq.com/s?src=11&timestamp=1509464425&ver=486&signature=9A34or8B48U2zM4dLjWRsVn-f59Aj98dEriEFNVW1hHqSX9fwDytvD*R5RI9-HSTPvI2kJLji5n3BeFAU0n7gzqVdKEA0pzv9tuNftBociIG4WU5fPfODkN*I8P8AqwX&new=1,苹果专用，谢谢
中印对峙解放军答应后撤100米?军方回应:无稽之谈,http://mp.weixin.qq.com/s?src=11&timestamp=1509464425&ver=486&signature=9o9iyCULBT6q9lHTOyirg*fkgMWefP8MrRtiPZaqqvncyZ1OlCcJGS1LxFwOn63zd0DbnrlnbuNf6cKJFd6qM9K9OrRhqhCVqMvE4OAvs1tb4JFuIsZMzd6yC3MOT3Qn&new=1,近日互联网上有人篡译路透社的消息称，印度要求中国(军队)向后撤250米，中方只答应100米。。记者就此向一位中国军方了解情况的内部人士询问，该人士回应说：“这完全是假消息，无稽之谈。即使从常识上说，也根本不合逻辑。”。路透社的消息援引了印度政府一匿名人士的话，称中印有私下接触，印方就撤军向中方提条件，双方谈崩。该报道有印度消息源与路透社配合的痕迹。。该人士告诉环球时报，中国反复申明了严正立场，那就是：印方必须无条件将军队撤回到边界的印方一侧，中方不会就印度撤军与印方谈条件。任何人没有权力违背这一立场，向印军做让步。。他认为这种消息是印方编出来，当烟幕弹释放的。他强调，印方须放弃任何以拖待变的幻想，也休想通过耍花招来动摇中方的意志，迷惑世界公众。
"原创丨中印对峙、半岛较量,背后是中美激烈的暗战,美舰又闯南海与此有关!",http://mp.weixin.qq.com/s?src=11&timestamp=1509464425&ver=486&signature=mdrV9N5FPschvGDNuwEeLAyBBB*3G5oYtirHyCjumcwA*YVThsptv4njd02ooLGsYZa-xWZB1XcSXfpfha53wEThty6f476vKzVpwjDdktb5fBl55jLfVUMwvWuEc2lE&new=1,过去7年多，由于美国针对中国的“亚太再平衡战略”，中国周边热点就不断。从东海到南海，从南海到朝鲜半岛，再从朝鲜半岛到台海，如今又有中印。之所以这些“麻烦事”都围着中国转，只因美国针对中国的“亚太再平衡”战略。。在美国“亚太再平衡”战略的促进下，美国想借力中国周边节点遏制中国，中国周边国家或地区的部分势力看见中国复兴心存忧虑想狐假虎威，于是你勾搭我、我勾搭你，就有了过去7年多时间里围绕中国的一幕幕闹剧。。截止到现在，东海中日之间的问题，以中国钓鱼岛常态化巡航和划设东海防空识别区后基本平息，美日无奈接受现实；南海问题以中国借机“种岛”及充分利用菲律宾政府更迭而迎来重大转机，并在8月初与东盟通过了南海行为准则框架协议，中国再次取得胜利；台海问题，由于事关重大、火候不够，美国暂时还不敢强行启动。如今，中国周边最紧张的是两个点：一个是中印的军事对峙，另一个是朝核问题的对立越来越尖锐化。。从上述逻辑上我们可以看出，现阶段无论是中印军事对峙还是朝鲜核问题的激烈较量，本质上都与中美的大国博弈直接相关，与美国重返亚太的“亚太再平衡”战略有关。而且，在占豪（微信）看来，印度这次挑衅中国，除了中印本身的地缘博弈之外，印度之所以敢如此肆无忌惮，最根本的原因就是背后有美国支持，目标还是瞄准的中国“一带一路”倡议中最最重要的“中巴经济走廊”。。我们在这样的大背景下再看现在的半岛局势和中印对峙，就能从宏观到微观，从大局到细节，真正看清和看懂这一切。。最近，有两则很大的消息：。在8月2日中国外交部发表《印度边防部队在中印边界锡金段越界进入中国领土的事实和中国的立场》这份重磅文件后，占豪（微信公众号：占豪）曾给过一个判断，即：如果中国外交部声明的一周内印度不妥协，那么就说明印度是王八吃秤砣铁了心了，也就是说莫迪政府压根没打算妥协，准备和中国杠到底。如果出现这种情况，中国就只能做最坏打算，并准备借此机会解决一系列重大问题。事实情况也的确如此，现在局面其实也已经很明朗了，即印度不打算撤军，并准备进一步升级事态，为此已经向中印边境大规模增兵。。事实上，如果我们再回头看中国在这一事件上的安排，会发现从事情开始就一直在准备。中国5月8日和6月初分别两次通报印度中国要在中印边境修路，而中国在5月初就开始派军队在高原上进行实战性训练，换句话说中国从开始就做了最坏打算，即如果印度反对并采取极端措施中国怎么办。既然有计划，那么自然就有应对策略和相关兵棋推演，而现在的情况应该早就在兵棋推演的计划之中了。。中国外交部已经发布了立场文件，接着8月3日到4日又由国防部、外交部、人民日报、新华社、央视等六部门一起发声对印度进行了最后一轮警告与劝说，实际上这意味着中国该说的话已经说尽，外交、舆论手段促印度撤军已无可能，那么接下来实际上只能最后通牒，再不听就只能到通牒时间后采取非和平手段来解决问题。。如果中国采取非和平手段解决问题，那就要充分考虑到局势可能升级成较大规模战争，所以相关的准备工作是一定要做好的。。在联合国安理会通过对朝新制裁决议后，朝鲜干了两件事值得关注：一是发表核弹只打美国的声明，二是朝鲜军方8月10日说，准备对美国关岛周围进行包围性射击，且将于8月中旬完成关岛包围打击方案并上报朝鲜核武力总司令金正恩，方案内容包括同时发射4枚中远程弹道导弹打击关岛周边30至40公里水域。朝中社援引朝鲜人民军战略军司令金洛谦大将的话报道说，朝鲜人民军战略军正慎重考虑通过同时发射4枚“火星－12”型中远程战略弹道导弹对关岛进行包围打击的方案，朝鲜发射的导弹将通过日本岛根县、广岛县和高知县上空，飞行约3356.7公里、1065秒后，落到关岛周围30至40公里的水域。。朝鲜这个时候发布这样的消息，那是既准又狠，你可以对朝鲜无好感也不认同，但在国家政治博弈取巧方面非常善于见缝插针。千万别认为朝鲜在说大话，以朝鲜现在的弹道导弹能力，真的可以将导弹打到关岛，前面两次“火星14”的洲际导弹试验都成功了。为了体现出威慑力，朝鲜还给出了轨道、飞行距离和飞行时间以及落点。不过，在占豪（微信公众号：占豪）看来，这个主要还是为了提高嗓门而已，真到射导弹的时候并不一定用这个轨道。。然而，就朝鲜此时发表要对关岛进行包围性射击的“威胁”时机是很玄妙的。如果我们把中印对峙放在中美博弈的大框架中去看，就会发现朝鲜是把自己的行为放在了这个框架中做的决策。中印军事对峙到了这个阶段，印度没有任何退出中国领土的意思，中国话已说尽，不可能再多废话，接下来只能采取行动（所以我们可以看到媒体这两天都不怎么说了，因为没啥可说的了，就等最后通牒了）。中国采取行动，中印之间爆发军事冲突甚至有一定规模的战争的可能性一定是有的，而这个敏感时间点开始就是从8月中旬，朝鲜就选择在8月中旬将方案上报给阿鑫。至于什么时候射，决策权则在阿鑫。这就意味着，朝鲜针对美国关岛的射弹计划，完全是根据中印对峙的节奏来的。如果中印爆发军事冲突，那么朝鲜就可能对着关岛来几发。。朝鲜为何做这样的选择？在占豪（微信公众号：占豪）看来，根本原因就是朝鲜看到了中美较量的机遇。试想，如果中印真的爆发军事冲突，按照正常逻辑美国是不是会或明或暗地支持印度？是不是希望中国陷入中印战争泥潭？是不是想借此打乱中国的战略节奏？是不是想打乱“一带一路”倡议特别是“中巴经济走廊”的发展计划？答案都是肯定的。直白说，中印打得越大、越久对美国越有利。。那么，这个时候如果朝鲜用导弹打到关岛展示自己决心就非常有利于自己迫使美国对朝鲜做出让步。因为，一旦中印打起来，朝鲜敢对着美国发射弹道导弹就意味着朝鲜敢挑起任何战端，敢向美国发起任何挑战。想想看，如果中国被印度拖住或不想被印度拖住，朝鲜这个筹码是不是就加重了？朝鲜敢挑战美国，就意味着朝鲜在告诉中国，必要的时候我可以冲锋，即中国未来有利用朝鲜将美国拖入到一场新的战争中的潜在能力，必要的时候美国也别想渔翁得利或独善其身。如此以来，朝鲜通过这样的一招把自己身价一下子就提上去了，既可以向美国要价也可以向中国要价。。在这种时候，美国如果不向朝鲜让步（特朗普根本没有向朝鲜让步的意思，也不太可能），那么一旦中印真的爆发军事冲突，在美国不妥协的情况下朝鲜就会借机对着关岛发射弹道导弹来吸引美国的注意力。也就是说，如果美国对印度实施强力支持，试图将中国拖入持久战，朝鲜就会要求中国支持朝鲜干一些事情，而中国考虑到全局就可能接受朝鲜的要求。。所以，不要认为朝核问题与中印对峙没有关系，实际上都在一盘棋上，都是政治家们的较量，精明的国家都在找自己的位置（印度试图让不丹和尼泊尔站在印度一边，但两国现在态度都是“中立”。他们中立，实际上就是站中国这边了，因为他们国家的经济、民生命脉都掌握在印度手里）。朝鲜看似在说“疯话”，实则是在筹谋在中美较量的棋局下如何扩大自己的政治腾挪空间。。而事实上，美国军舰闯我国南沙美济岛12海里，也同样在这盘棋上。特朗普政府从拒绝五角大楼巡航南海的要求，到签署“每月”巡航一次南海的命令，政治上的根本目的有三个：。过去一年多，美日印三国多次举行军演，在印度侵入中国领土前，美日印军演就是对印度的最大支持，而自中印开始军事对峙以来，特朗普不但签署了“常态化巡航”南海的文件，并且在一个多月的时间里进行了两次南海巡航。这一切，其实都和呼应印度有关。前不久，印度媒体就在美国军舰闯西沙中建岛后称，中国将因美国在南海的施压而无暇他顾。。经过7年的博弈，虽然美国在南海已经颓势尽显，但美国显然不甘心。所谓“常态化巡航”南海，就是这种不甘心的体现。而且，考虑到中国与越南等国的岛礁争端问题，美国当然想继续在南海保持影响力，从而在未来继续寻找机会。。美国在南海的存在对像越南这样的国家还是很有意义的，因为这样越南就可以借机平衡中美，也许效果一般但至少有个心理安慰。。我们知道，中美的“百日计划”早已结束，结果出了一个多月后就公布的10项成果外，后边直接没了。不但如此，中美关系也明显出现了不和谐的音调，这充分说明“美国优先”在中国这里未奏效，而特朗普批准对南海进行“常态化巡航”也是中美没有谈拢后才做出的决定。这一切，其实也和美国想和中国进行讨价还价有关。。上述三个因素中，呼应和支持印度就是其中因素之一，由此我们再次看出系列地区问题的中美博弈大背景。。中美激烈暗战，美国军舰硬闯南海，在占豪（微信公众号：占豪）看来这都算不得什么，都是中华民族伟大复兴的必要阶梯。想想看，若非美国的“亚太再平衡”战略，会有东海防空识别区吗？会有钓鱼岛的常态化巡航吗？会有南海的系列“种岛”吗？会有南沙和西沙军事部署的增强吗？没有美国的挑衅，这一切不可能这么快就有。现在，美国军舰硬闯南海，恰恰就是中国加强南海军事部署的理由，东盟国家还能说什么呢？面对美国军舰的南挑衅，中国除了出动军舰驱离、外交部进行严正交涉外，从外交部的回应中我们也可以看出端倪。外交部发言人耿爽表示，美方这种挑衅也迫使中方不得不采取措施进一步提升国土防卫能力。这也正验证了占豪（微信公众号：占豪）一直所分析的，即中国会以此为由进一步加快我国在南海的军事防卫能力的建设，而这给中国带来的是对南海控制力的增强。。中美一直在较量，但较量中有妥协，而印度不过是交易的筹码。未来，随着中美筹码的勾兑，印度将必然成为牺牲品！印度铁了心和中国较量，中国采取果断措施只是时间问题，我们拭目以待！。越南为何一边和中国大谈友好，一边又和美日勾勾搭搭？越南允许美国航母访问越背后有何意图？美国又是什么打算？请看最新占豪在新财迷微信公众号的分析点评。
最懂印度的中国人之一:中印对峙背后的惊天秘密,http://mp.weixin.qq.com/s?src=11&timestamp=1509464425&ver=486&signature=mVkuiVeWtEGiZ5PFecWvQ7r*pJCRgSFm4ZrIbJNbZ5EnRwDb6DMjTyCKfwttqD86jgZnq3sPkPv4xsCrdaCsBAJgCU43MeRGXG5vqF6kHufwESeOY0aQ-oECdy5vTeP3&new=1,现在对中印洞朗对峙的分析铺天盖地，但几乎没有一个真正靠谱的。我在中兴负责国际市场时，是中国第一个打开印度通讯市场的。后在印度长驻3年，2006年度离开中兴后的10年里，几乎每年都要去印度很多次。中印商会2006年成立后最初的论坛活动都是请我去讲课，为中国企业家培训如何在印度做生意。所以，我对印度有是长期和深入了解的。。   。印度这次为什么要这样做？有些网友认为印度人这次做了美国的冤大头，也有人认为印度想把原来没有争议的洞朗地区制造成有争议等。其实，这些都纯属不着边际的猜测。如果为这么个不毛之地面临与中国打一仗的风险，这完全不是印度人的思维方式。绝大多数人没有去深究一下此事的蹊跷之处，说是印度军队进入中国境内100多米，开着2辆推土机要去阻止中国修路。这就意味着，其实路已经修到离中印边境线只有100多米的地方了。。印度军队跑到中国境内来，就为阻止中国修这100多米的路？之前干什么去了？另外，事情发生之后，印度为此事的说词前后变化了很多次，开始说是中印间有争议的领土，后来又说是替不丹出头。这说明什么呢？说明其实印度做这个事情并不象是一个有详细计划的行动。也就是说他们做这个事情很可能是临时而为，并另有所图。要搞清楚另有所图的是什么，那就得看他们做事情的前因后果。要明白印度为什么要在洞朗与中国对峙，必须得充分理解印度的思维方式，以及国际大环境和中印之间关系的小环境是怎么变化的。。    。2008年，我在去过西里古里（就是这次对峙中经常被人谈到的只有20多公里宽的印度连接东北的咽喉要道）之后，到300多公里的另一个印度东北部城市古阿哈蒂（Guwahati）。当时我是坐着印度客户的汽车通过这段所谓西里古里走廊的。。 。其实，类似这种事情早就不是第一次了。地球人都明白，没有任何力量能阻止中国的崛起，真正在体量上能与中国相比拟的潜在力量只有印度。。所以，美国和日本拉印度与中国抗衡，绞尽脑汁做印度的工作也早就不是什么秘密。最关键的是，中国和印度对此也早就心知肚明。2003年，美国就开始掀起了一波拉拢印度以抗衡中国的高潮。在美国《外交政策》杂志2003年7/8月刊上，塔伦·凯纳(Tarun Khanna，印度裔，哈佛大学商学院教授)、黄亚声(Yasheng Huang，中国裔，美国麻省理工学院副教授)发表了题为“印度能否超越中国？”（英文标题Can india overtake china?）的文章。美国学术界马上开始狂炒，中国和印度学术界以及媒体也开始有所躁动。中英文版本我都看过了，不用问，这就是想挑起中印恶性竟争嘛。。2005年5月份，我还在印度负责中兴印度子公司业务，一个叫亚洲协会的组织在印度搞了一个论坛。亚洲协会？别以为他是日本或其他亚州国家的组织，他是一个纯粹美国发起的NGO。这个论坛邀请了大量中印政府首脑和两国大企业家参加。。中兴老板侯为贵也随当时中国领导人温家宝总理出访印度，在孟买机场附近的希尔顿酒店搞了一个大型论坛，侯为贵作为嘉宾要在论坛上讲话。我陪他先在贵宾室休息，同时也作他的翻译。一个论坛负责人和嘉宾主持人（是个美国人，奇怪吧！）来与嘉宾先私下谈谈。我忘了这个美国主持人的名字，不过他截至当时10年之间很频繁地来中国，算是个美国人里面的中国通，他把一本西方人William Gascoyne-Cecil写的书《changing china》（改变中的中国）翻译成中文在中国出版，不过主要是免费赠给一些重要人物，市场上几乎见不到。他完全不加掩饰地对侯总说：。外面媒体都说侯总不善言词，那都是说给外面人听的，其实他反应极其敏锐，言辞犀利。侯总几乎没加思索就反问：。 这一下把这个美国主持人给问愣了，还没等他反应过来，侯总就说：“美国是在和拉登竞争啊”。主持人一下很尴尬地说：“唉，美国也有美国自己很头痛的问题啊。那不是竞争，那已经是战争了！”。 。随后几年，美国给了印度很多很多好处，2006年承认印度拥核地位，签署美印民用核能协定，经济贸易优惠……反正印度张开血盆大口，把美国人给的好处全吃下去了。美国以为下了这么多鱼饵能把印度钩住，印度也装疯卖傻地不断在美国人面前反复宣称“印度是世界上最大的民主国家”，让美国以为印度天生就是跟美国一伙啊。你怎么就不去亲自查查印度宪法是怎么说的啊？印度宪法第42修正法，将印度国家的性质表述由“主权的民主共和国”修改为“主权的、社会主义的、世俗的、民主共和国”。印度确实是民主国家，但印度也是社会主义国家明白吗？国大党是有社会主义性质的政党，甚至共产党在印度西孟加拉邦等地方长期就是执行党。美国人那能理解得清楚这种咖喱糊糊式的表述到底算是什么东西？知道美国、原来的苏联（现在的俄罗斯）甚至中国都不同程度把印度当自己人是为什么了吧！。美国人哪里能想到印度不仅把鱼饵吃了，鱼钩取下来自己用，连鱼线也给剪了自己留下。然后还跑上岸对美国人说你这鱼杆、鱼饵桶和桶里剩下的鱼饵都是给我准备的，凭什么不赶紧都给我？等美国人目瞪口呆想印度人怎么考虑问题这么“不可思议”时，印度人一脸正经地对美国人说你们口袋里不是还有7套方案吗？赶紧把这7桶鱼饵都拿出来啊！如果还有新的方案一定不要忘了及时通知我们一下，否则你得负责任。美国人想要的与中国竞争的事呢？印度人晃晃脑袋搞不清是肯定还是否定地说，那是我们和中国人之间的事情。然后呢，那就没有然后了——200多年历史的美国想直接编个逻辑设个鱼饵，就去套住有5千多年历史的中国和印度两个国家，你都在想啥呢？知道印度政府公益宣传广告是怎么说的吗？“Incredible India”，那就是“不可思议的印度”。。 。这就是印度人的思维方式，他们做生意要求全世界最便宜的价格，同时还得要求全世界最高的品质。我在北京中关村给企业作国际市场培训时一再告诫中国公司在印度做生意时，一定要非常清楚印度人的商业文化。在什么地方打价格战都可以，但绝对绝对不要在印度打价格战。中国公司在印度赔钱赔到吐血的事情太多了，包括华为，曾在印度1年营业额7、8千万美元的时侯，竟然敢赔进去5千多万美元。除了我在中兴负责印度公司，在现在的公司数码视讯负责国际业务时在印度赚到过钱之外，很少见到中国公司真能在印度赚钱的。。 。当年与印度VIDEOCON签定代理中兴手机业务合同，他们最先代理的是宏基BENQ业务，第二个代理的手机业务就是中兴当年红火一时的150 CMDA手机。VIDEOCON现在是印度本土手机品牌，不过基本还是OEM中国的手机。。 。上一次拉拢印度抗衡中国的高潮还是克林顿任上就开始干的，奥巴马继承了这个资源一直不停地推动这个事情，明白特朗普刚上台时为什么要掀中情局的桌子，把桌子底下的国家机密全抖落出来原因何在了吧？亏吃得太大了！这次总统特朗普那可是生意人出生，要糊弄这个生意人就没那么容易了。但是，如果以为这次特朗普就能精明得过印度人那就想错了。如果美国人做生意能做得过印度人，就不会有那么多美国大公司包括微软公司的CEO、CTO都被外来的印度人“篡党夺权”了。。印度军队什么时侯越境到洞朗的？穆迪去美国访问的时侯，所以，这里面的内在关联性再清楚不过了。既然特朗普不象奥巴马那么好糊弄，那就来点更真切的呗。所以就摆出一副印度真要与中国打起来的架式，让中情局和特朗普那是相当地有成就感，并且后续为印度人花起钱来就更大方了。把一般盟国都买不到的22架MQ-9B死神无人机等等能拿得出手的东西尽情地喂给印度，私下里还有什么大派送那就去想象吧。有网友只是在说印度花的钱有多贵，20亿买22架，合一架9000万美元，都快赶上美军自用的F-35战机了。但知道MQ-9B对美军来说有多先进吗？2012年通用原子公司开始研制，2016年11月首飞，计划2018年交付美军。美军还没正式装备呢，印度就签下定单买了，足见美国为拉拢印度这本下得有多大。但是，不管中情局还是其他任何政府部门，预算可都是有数的，你在印度身上花得钱多了，在其他地方花的钱自然就少了。所以你看中印对峙的这段时间，原来很热闹的东海、南海就都风平浪静。美国人也没想清楚一个最基本的事实：印度一不是美国的盟国，二是美国在印度又没驻军，你凭什么能让印度最后能听你美国的话？以为给足了鱼饵就能套住印度人？唉，美国就等着再次气得吐血吧。。   。 。当年我在陪中兴的侯总与印度一通讯运营商的老板吃饭时，这位印度老板说了一段非常深刻的中印与西方文化的差异。他说中国和印度都是有很长历史和深厚积淀的国家，西方人很难理解这么长历史的民族文化内涵。洋葱是印度人最普遍的就餐佐料，他以洋葱为例比喻中印文化，包了一层又一层，西方人以为这里面一定藏着什么东西，但是当一层又一层把洋葱剥完了以后，却发现什么也没有。中国人和印度人都能理解，但西方人完全不理解这是为什么。。中印会为洞朗打起来吗？为这么个不毛之地，最多只能向不丹收点放羊草场税的地方，两国干嘛要打起来？能赚到什么？。那什么时侯印度会撤出军队？从印度人的思维方式来看，是当印度把美国人能给的筹码彻底榨干净的时侯，印度军队自然就撤了。很多中国人还想劝印度要想清楚，美国会算计着中印打起来好去剪印度的羊毛。这事儿咱中国人就不用替生意精的印度瞎操那么多心了。美国人想剪印度的羊毛？最后的结果恐怕是连剪刀带羊毛框全都被印度人给收了。。中印对峙这件事，将会像剥洋葱一样，一开始很大块，然后越剥越小，越剥越小。当事情解决后，美国人肯定以为中印之间一定因为发生了这件事会留下什么成果，但最后可能莫名其妙地发现中印之间好像什么事情都没发生过一样——洋葱剥完了，里面什么东西也没有。。如此说来，是不是中印之间真就什么事也没有？当然不是。但中印之间是中印之间的问题，如何处理，必须要以对印度的深刻了解为前提。本文不能展开详细讨论，但有一个原则必须要牢记：不要用中国人的思维方式，以为给对方情面，给对方礼物后，对方就一定会记着这份情，并会还这个情。在做生意上，你给印度人任何东西，他们都认为是理所应当的。并且只会想要更多的便宜，一直探到最低价格和最大收益为止。因此，与印度人打交道一定要尽快让对方明白，这就是最低价格。如果不接受这个最低价格，以后价格就会越来越高。如果中国也想利用此事做点别的什么文章的话另当别论，如果不想在这个事情上开发其他东西，下次再遇到这种事就一定要迅速采取最坚决的措施立即将对方赶回去。。其实在2016年时，印度与中国的关系就处于“不太正常”的状态。之所以说“不太正常”，是因为中印之间存在的历史问题主要也就两个，一个是达赖的问题，另一个是边界的问题。尽管有问题，但对此有默契，就是不去触及这两个底线。但是，从2016年开始，印度开始触及这两个底线。一是容许达赖去印度很多地方公开活动，二是这次在中印之间没有争议的中方地区对峙。过去即使在中印争议地区，一般也有默契是保持现状，但这次的确已经越过了底线。因此，中印之间关系性质的确有向发生质变的方向转化的趋向。如果印度把这种触及底线的事情当筹码用是极度危险的举动。但以印度人思维方式来说，他们真的会不计后果，冒着关系彻底毁灭的危险去把一切都当筹码用。与印度伙伴做生意时的确要特别注意处理这个问题，这真的是非常让人头疼的事情。。针对此事，既然已经发展到这个地步，中国就一定要放开手脚收割印度。在整个中印边境线上我们过去照顾印度情面不方便做的事情，现在要赶紧利用这个机会全面放开手脚去做。该修的道路，高铁，哨所，驻军后勤等基地，机场......要利用这个机会全面开工建设。可以卖给巴基斯坦的武器装备档次再提升一下，多签几个武器大单。总之，要让印度清楚地理解，价格只会越来越高。中国把价格拉得越高，印度到美国那里报销的补贴就越多。因为美国在中国东南沿海围堵中国的所有努力基本上已经宣告失败了，所以只有把唯一希望放在印度身上。如果不让印度把美国挖空，美国围堵中国的能量是不会自已消失的，美国不会轻易收手，印度也不会轻易收手。所以，这将是未来一个相对长期的事情，不仅是洞朗对峙这一个孤立的事件。。这样说绝不意味着一定要打一仗，最终还是得靠“掰手腕”解决问题。用挑战中国底线的方式逼中国出手也早就不是第一次了。看看之前在台海，钓鱼岛，南海等问题上，多次被美国搅合得快要打起来，但最后都被中国以掰手腕的方式化解了。其实我们只要想明白一个问题就可以了——在中印边界上存在紧张，远远好过在中国东南沿海存在紧张，因为后者是中国政治经济中心。整个中印边界中国一侧基本上全是不毛之地，在印度一侧却都是人口、经济甚至政治中心地带。既然印度不怕，中国又怕什么？既然印度拿这个做筹码，那就把火再烧得更旺点呗。不断地让内地各个军区部队去中印边界轮番进行大规模的军事演习，让整个中印边界中国一侧整天炮火连天。而且时间点上与印度的金融市场、经济环境等结合起来进行，把歼20部署到距离新德里最近的机场，把各种新式武器都拉过去不停地操练。就象前几年钓鱼岛很热的时侯，中国可以组织几百架先进战机在东海操练，现在也几百架地飞到西藏操练几次有何不可？
前线视频:印军加紧向中印对峙区域运送物资和武器,http://mp.weixin.qq.com/s?src=11&timestamp=1509464425&ver=486&signature=94w4wWKdie56PufytJOSeVeMCeVdVt5vN-sTydbovpL6MqyS6Fd-*h228fAE7cazRbn1*mgs1Uimk9nGF-Ne31zjfYyg2KesLWBWfsPv7nJAPHZmHpHXX4B0dJH61oNL&new=1,
这是真正的中印对峙视频?看完后网友都感觉被骗了!,http://mp.weixin.qq.com/s?src=11&timestamp=1509464425&ver=486&signature=M1xz0GqtfDgwcE8GHM3hxpXupUB4*GgpoLsFeveDpdUOc0D2X6xeZrXDvEP9rOw*J9praPsOtYq2YItSNTxQTnRPfpmFzeAQcDLvZRULxgO8YsgdcsN9wTNBpORoSV4I&new=1, 
让印度通告诉您中印对峙背后的秘密,http://mp.weixin.qq.com/s?src=11&timestamp=1509464425&ver=486&signature=XkLRydoBkTuAzjSXVhS0kpPnvFJZuqAnlPzzW3unkvyWoCw6JnizIfu1FaTEYxBW7Fch2HjJ1Kh8mehMY4gbqXpuwFZ*rEObDAo*4chFpyQXftBeZ60p7dbLtgT6mHvJ&new=1,现在对中印洞朗对峙的分析铺天盖地，但几乎没有一个真正靠谱的。我在中兴负责国际市场时，是中国第一个打开印度通讯市场的。后在印度长驻3年，2006年度离开中兴后的10年里，几乎每年都要去印度很多次。中印商会2006年成立后最初的论坛活动都是请我去讲课，为中国企业家培训如何在印度做生意。所以，我对印度有是长期和深入了解的。。印度这次为什么要这样做？有些网友认为印度人这次做了美国的冤大头，也有人认为印度想把原来没有争议的洞朗地区制造成有争议等。其实，这些都纯属不着边际的猜测。如果为这么个不毛之地面临与中国打一仗的风险，这完全不是印度人的思维方式。。绝大多数人没有去深究一下此事的蹊跷之处，说是印度军队进入中国境内100多米，开着2辆推土机要去阻止中国修路。这就意味着，其实路已经修到离中印边境线只有100多米的地方了。。印度军队跑到中国境内来，就为阻止中国修这100多米的路？之前干什么去了？另外，事情发生之后，印度为此事的说词前后变化了很多次，开始说是中印间有争议的领土，后来又说是替不丹出头。。这说明什么呢？。要搞清楚另有所图的是什么，那就得看他们做事情的前因后果。要明白印度为什么要在洞朗与中国对峙，必须得充分理解印度的思维方式，以及国际大环境和中印之间关系的小环境是怎么变化的。。2008年，我在去过西里古里（就是这次对峙中经常被人谈到的只有20多公里宽的印度连接东北的咽喉要道）之后，到300多公里的另一个印度东北部城市古阿哈蒂（Guwahati）。当时我是坐着印度客户的汽车通过这段所谓西里古里走廊的。。其实，类似这种事情早就不是第一次了。地球人都明白，。所以，美国和日本拉印度与中国抗衡，绞尽脑汁做印度的工作也早就不是什么秘密。。最关键的是，中国和印度对此也早就心知肚明。2003年，美国就开始掀起了一波拉拢印度以抗衡中国的高潮。在美国《外交政策》杂志2003年7/8月刊上，塔伦·凯纳(Tarun Khanna，印度裔，哈佛大学商学院教授)、黄亚声(Yasheng Huang，中国裔，美国麻省理工学院副教授)发表了题为“印度能否超越中国？”（英文标题Can india overtake china?）的文章。美国学术界马上开始狂炒，中国和印度学术界以及媒体也开始有所躁动。。中英文版本我都看过了，不用问，这就是想挑起中印恶性竟争嘛。2005年5月份，我还在印度负责中兴印度子公司业务，一个叫亚洲协会的组织在印度搞了一个论坛。。亚洲协会？别以为他是日本或其他亚州国家的组织，他是一个纯粹美国发起的NGO。这个论坛邀请了大量中印政府首脑和两国大企业家参加。中兴老板侯为贵也随当时中国领导人出访印度，在孟买机场附近的希尔顿酒店搞了一个大型论坛，侯为贵作为嘉宾要在论坛上讲话。我陪他先在贵宾室休息，同时也作他的翻译。一个论坛负责人和嘉宾主持人（是个美国人，奇怪吧！）来与嘉宾先私下谈谈。。我忘了这个美国主持人的名字，不过他截至当时10年之间很频繁地来中国，算是个美国人里面的中国通，他把一本西方人William Gascoyne-Cecil写的书《changing china》（改变中的中国）翻译成中文在中国出版，不过主要是免费赠给一些重要人物，市场上几乎见不到。他完全不加掩饰地对侯总说：你们中国和印度现在发展得太快了，9%的GDP增长率，太疯狂了，所以你们中国和印度得竞争一下。外面媒体都说侯总不善言词，那都是说给外面人听的，其实他反应极其敏锐，言辞犀利。侯总几乎没加思索就反问：“那美国和谁竞争啊？”。这一下把这个美国主持人给问愣了，还没等他反应过来，侯总就说：“美国是在和拉登竞争啊”。主持人一下很尴尬地说：“唉，美国也有美国自己很头痛的问题啊。那不是竞争，那已经是战争了！”。。随后几年，美国给了印度很多很多好处，2006年承认印度拥核地位，签署美印民用核能协定，经济贸易优惠……反正印度张开血盆大口，把美国人给的好处全吃下去了。美国以为下了这么多鱼饵能把印度钩住，印度也装疯卖傻地不断在美国人面前反复宣称“印度是世界上最大的民主国家”，让美国以为印度天生就是跟美国一伙啊。。你怎么就不去亲自查查印度宪法是怎么说的啊？印度宪法第42修正法，将印度国家的性质表述由“主权的民主共和国”修改为“主权的、社会主义的、世俗的、民主共和国”。。印度确实是民主国家，但印度也是社会主义国家明白吗？国大党是有社会主义性质的政党，甚至共产党在印度西孟加拉邦等地方长期就是执行党。美国人那能理解得清楚这种咖喱糊糊式的表述到底算是什么东西？知道美国、原来的苏联（现在的俄罗斯）甚至中国都不同程度把印度当自己人是为什么了吧！。美国人哪里能想到印度不仅把鱼饵吃了，鱼钩取下来自己用，连鱼线也给剪了自己留下。然后还跑上岸对美国人说你这鱼杆、鱼饵桶和桶里剩下的鱼饵都是给我准备的，凭什么不赶紧都给我？等美国人目瞪口呆想印度人怎么考虑问题这么“不可思议”时，印度人一脸正经地对美国人说你们口袋里不是还有7套方案吗？赶紧把这7桶鱼饵都拿出来啊！。如果还有新的方案一定不要忘了及时通知我们一下，否则你得负责任。美国人想要的与中国竞争的事呢？印度人晃晃脑袋搞不清是肯定还是否定地说，那是我们和中国人之间的事情。然后呢，那就没有然后了——200多年历史的美国想直接编个逻辑设个鱼饵，就去套住有5千多年历史的中国和印度两个国家，你都在想啥呢？知道印度政府公益宣传广告是怎么说的吗？“Incredible India”，那就是“不可思议的印度”。。我在北京中关村给企业作国际市场培训时一再告诫中国公司在印度做生意时，一定要非常清楚印度人的商业文化。在什么地方打价格战都可以，但绝对绝对不要在印度打价格战。。中国公司在印度赔钱赔到吐血的事情太多了，包括华为，曾在印度1年营业额7、8千万美元的时侯，竟然敢赔进去5千多万美元。除了我在中兴负责印度公司，在现在的公司数码视讯负责国际业务时在印度赚到过钱之外，很少见到中国公司真能在印度赚钱的。。当年与印度VIDEOCON签定代理中兴手机业务合同，他们最先代理的是宏基BENQ业务，第二个代理的手机业务就是中兴当年红火一时的150 CMDA手机。VIDEOCON现在是印度本土手机品牌，不过基本还是OEM中国的手机。。上一次拉拢印度抗衡中国的高潮还是克林顿任上就开始干的，奥巴马继承了这个资源一直不停地推动这个事情，明白特朗普刚上台时为什么要掀中情局的桌子，把桌子底下的国家机密全抖落出来原因何在了吧？亏吃得太大了！这次总统特朗普那可是生意人出生，要糊弄这个生意人就没那么容易了。但是，如果以为这次特朗普就能精明得过印度人那就想错了。如果美国人做生意能做得过印度人，就不会有那么多美国大公司包括微软公司的CEO、CTO都被外来的印度人“篡党夺权”了。。印度军队什么时侯越境到洞朗的？穆迪去美国访问的时侯，所以，这里面的内在关联性再清楚不过了。既然特朗普不象奥巴马那么好糊弄，那就来点更真切的呗。所以就摆出一副印度真要与中国打起来的架式，让中情局和特朗普那是相当地有成就感，并且后续为印度人花起钱来就更大方了。把一般盟国都买不到的22架MQ-9B死神无人机等等能拿得出手的东西尽情地喂给印度，私下里还有什么大派送那就去想象吧。有网友只是在说印度花的钱有多贵，20亿买22架，合一架9000万美元，都快赶上美军自用的F-35战机了。但知道MQ-9B对美军来说有多先进吗？2012年通用原子公司开始研制，2016年11月首飞，计划2018年交付美军。美军还没正式装备呢，印度就签下定单买了，足见美国为拉拢印度这本下得有多大。。但是，不管中情局还是其他任何政府部门，预算可都是有数的，你在印度身上花得钱多了，在其他地方花的钱自然就少了。所以你看中印对峙的这段时间，原来很热闹的东海、南海就都风平浪静。美国人也没想清楚一个最基本的事实：印度一不是美国的盟国，二是美国在印度又没驻军，你凭什么能让印度最后能听你美国的话？以为给足了鱼饵就能套住印度人？唉，美国就等着再次气得吐血吧。。当年我在陪中兴的侯总与印度一通讯运营商的老板吃饭时，这位印度老板说了一段非常深刻的中印与西方文化的差异。他说中国和印度都是有很长历史和深厚积淀的国家，西方人很难理解这么长历史的民族文化内涵。。中国人和印度人都能理解，但西方人完全不理解这是为什么。。中印会为洞朗打起来吗？为这么个不毛之地，最多只能向不丹收点放羊草场税的地方，两国干嘛要打起来？能赚到什么？。那什么时侯印度会撤出军队？从印度人的思维方式来看，是当印度把美国人能给的筹码彻底榨干净的时侯，印度军队自然就撤了。很多中国人还想劝印度要想清楚，美国会算计着中印打起来好去剪印度的羊毛。这事儿咱中国人就不用替生意精的印度瞎操那么多心了。美国人想剪印度的羊毛？最后的结果恐怕是连剪刀带羊毛框全都被印度人给收了。。中印对峙这件事，将会像剥洋葱一样，一开始很大块，然后越剥越小，越剥越小。当事情解决后，美国人肯定以为中印之间一定因为发生了这件事会留下什么成果，但最后可能莫名其妙地发现中印之间好像什么事情都没发生过一样——洋葱剥完了，里面什么东西也没有。。如此说来，是不是中印之间真就什么事也没有？当然不是。但中印之间是中印之间的问题，如何处理，必须要以对印度的深刻了解为前提。本文不能展开详细讨论，但有一个原则必须要牢记：不要用中国人的思维方式，以为给对方情面，给对方礼物后，对方就一定会记着这份情，并会还这个情。在做生意上，你给印度人任何东西，他们都认为是理所应当的。并且只会想要更多的便宜，一直探到最低价格和最大收益为止。因此，与印度人打交道一定要尽快让对方明白，这就是最低价格。如果不接受这个最低价格，以后价格就会越来越高。如果中国也想利用此事做点别的什么文章的话另当别论，如果不想在这个事情上开发其他东西，下次再遇到这种事就一定要迅速采取最坚决的措施立即将对方赶回去。。其实在2016年时，印度与中国的关系就处于“不太正常”的状态。之所以说“不太正常”，是因为中印之间存在的历史问题主要也就两个，一个是达赖的问题，另一个是边界的问题。尽管有问题，但对此有默契，就是不去触及这两个底线。但是，从2016年开始，印度开始触及这两个底线。一是容许达赖去印度很多地方公开活动，二是这次在中印之间没有争议的中方地区对峙。。针对此事，既然已经发展到这个地步，中国就一定要放开手脚收割印度。在整个中印边境线上我们过去照顾印度情面不方便做的事情，现在要赶紧利用这个机会全面放开手脚去做。该修的道路，高铁，哨所，驻军后勤等基地，机场......要利用这个机会全面开工建设。可以卖给巴基斯坦的武器装备档次再提升一下，多签几个武器大单。总之，要让印度清楚地理解，价格只会越来越高。中国把价格拉得越高，印度到美国那里报销的补贴就越多。因为美国在中国东南沿海围堵中国的所有努力基本上已经宣告失败了，所以只有把唯一希望放在印度身上。如果不让印度把美国挖空，美国围堵中国的能量是不会自已消失的，美国不会轻易收手，印度也不会轻易收手。所以，这将是未来一个相对长期的事情，不仅是洞朗对峙这一个孤立的事件。。这样说绝不意味着一定要打一仗，最终还是得靠“掰手腕”解决问题。用挑战中国底线的方式逼中国出手也早就不是第一次了。看看之前在台海，钓鱼岛，南海等问题上，多次被美国搅合得快要打起来，但最后都被中国以掰手腕的方式化解了。其实我们只要想明白一个问题就可以了——。整个中印边界中国一侧基本上全是不毛之地，在印度一侧却都是人口、经济甚至政治中心地带。既然印度不怕，中国又怕什么？既然印度拿这个做筹码，那就把火再烧得更旺点呗。不断地让内地各个军区部队去中印边界轮番进行大规模的军事演习，让整个中印边界中国一侧整天炮火连天。而且时间点上与印度的金融市场、经济环境等结合起来进行，把歼20部署到距离新德里最近的机场，把各种新式武器都拉过去不停地操练。就象前几年钓鱼岛很热的时侯，中国可以组织几百架先进战机在东海操练，现在也几百架地飞到西藏操练几次有何不可？
"刚刚,特朗普孤注一掷,中印对峙突迎转机",http://mp.weixin.qq.com/s?src=11&timestamp=1509464429&ver=486&signature=5qqeuF8oU7yIgU2-3QyZf3-9XSnl-pxS77kAi2VcOw6uVEdT*5J-X2n3TIOaP7r-DWEa-b4R2ZKse1DUj2uuXY0Az7uYy-pPJ5Ae*9iV54Oi-D446CeM9*JU7GNdohuY&new=1,今天，联合国安理会一致通过一项决议，严厉谴责朝鲜进行洲际导弹发射，并决定对朝鲜进行严厉制裁。。这项决议草案由美国4日向联合国提提交，5日获得安理会15个成员国一致同意通过，速度效率非常快。。可见美国之前做了很多斡旋工作，一提交就迅速获得通过，这也是特朗普的功绩，这里面很显然，中国也投票了，而且是赞成票，没有弃权，这里面有很大的学问。。这次制裁一成立，将会使得朝鲜减少10亿美元的外汇收入，这占到了朝鲜外汇收入的三分之一，对朝鲜的影响可谓重大。。一旦缺少了这么多的外汇收入，对于朝鲜引进导弹及核武器原材料和部件是会有很大的影响的，因此这次制裁也是空前的。。如果中国投了反对票，这次制裁就不会获得通过，但是中国没有，特朗普之前也特别担心中国反对。。1、特朗普在提交这次对朝鲜的制裁草案之前，特意说要发表针对中国贸易的讲话，给中国下马威和威胁。。2、在贸易问题和知识产权问题上，多次指责中国，要求中国承担相应责任。。特朗普原本要在周五发表对中国问题的讲话，但是突然推迟或者取消，说明特朗普和中国已经就某些问题达成了一致，取得了互相妥协或者谅解。。1、在朝鲜问题上，中国将会同意美国提交给联合国的制裁草案。。2、中国很有可能要求特朗普在印度进入中国边境的问题上充当斡旋角色或者支持中国。。这两大问题，中国和美国，或者说中国和特朗普，是一项互相达成的君子协议，特朗普需要中国支持，中国也需要特朗普支持。。现在的特朗普因为通俄门事件，已经焦头烂额，国内反对声一片，而且其经济政策已经全部失败，毫无建树。。特朗普迫切需要通过解决朝鲜问题来树立自己的权威，建立自己的政绩，否则的话，对于国内没办法交代。。特朗普在美国媒体面前多次表态，他完全有能力解决朝鲜问题，也会解决朝鲜问题，如果当朝鲜导弹都能打到美国，特朗普还没有妥善处理好朝鲜问题的话，那么特朗普的内外政绩都为零。。特朗普想要解决朝鲜导弹威胁问题，必须要获得中国的支持，尤其是这次制裁法案，如果没有中国的支持，根本不会在联合国获得通过，也无法取得实际效果。。接下来执行联合国对朝鲜的制裁，还必须依赖俄罗斯、中国，尤其是中国，因此接下来才是关键，美国明白这一点，特朗普也明白这一点。。而对于印度进入中国边境的问题，印度多次表态受到了美国的支持，美国不但出售武器给印度，还支持印度入常，这使得印度有恃无恐。。尤其是莫迪和特朗普会面后，莫迪回到印度后，就非常兴奋，掀起了印度国内的民族主义情绪，悍然下令士兵进入中国边境，没有特朗普在背后的支持，印度是没有这个胆量的。。要感谢通俄门，感谢美国对特朗普通俄门不遗余力的调查，使得特朗普在美国国内孤立无助，不得不孤注一掷的要解决朝鲜导弹威胁问题来树立自己的权威和政绩，要解决朝鲜问题，就要求助于中国，中国这时就可以要求特朗普不支持印度，或者给印度施加压力，让印度撤退。。解铃还系系铃人，特朗普给了莫迪勇气，也给了印度武器，让印度有了进入中国边境对峙的勇气，现在也到了特朗普给莫迪一盆冷水，让其撤退的时候了，大国博弈，极其复杂，也极其凶险，一着不慎，满盘皆输，特朗普和莫迪，输就输在后院失火，中国赢就赢在后方稳定，一个稳定强大的中国是一件多么重要、多么幸福的事！
中印对峙的本质:印度在赌什么?,http://mp.weixin.qq.com/s?src=11&timestamp=1509464429&ver=486&signature=SwSnFmEIrCues-d4qnLyGDWODfDPFJNSxjsUur1GqX5iyx*a5UpAsxR-unsmo6q7Q6fF5DAmA*bmjPnpdiNPNYwV36qV5WsBX9NyDOOejiZaq-cAD96-0MkWQiH6cjeE&new=1,"中国和印度自6月18日起在洞朗边境的军事对峙已持续近两个月，中国按照""有理、有利、有节""的传统一步步出招，尤其是从8月3日凌晨3时至4日凌晨4时，《解放军报》、新华社、中国驻印度大使馆、中国外交部、中国国防部、《人民日报》接力六次发表评论或声明，可以说已经到了仁至义尽的地步了。。然并卵，外界不解的是，印度表现出少有的顽冥不化，对中国的警告置若罔闻，增加军费增派军队大有要和中国一决雌雄之势。。外界同样不解的是，印度在国力上和中国根本不是一个档次，差距简直不可以道理计：。印度经济总量连中国的五分之一都不到，对于民生和军事极为重要的基础设施如交通和电力更是非常落后，贫富差距巨大，其贫困人口超过撒哈拉沙漠以南非洲的总数，这也是亚洲除朝鲜以外另一个不能完全解决温饱问题的国家。。当然，严重的民生问题和落后的经济并不影响印度巨额的军事开支：2017年斯德哥尔摩国际和平研究所（SIPRI）最新报告指出，印度2012年到2016年对外采购武器金额占全球13%，成为全球第一大武器采购国。。印度以自己的行动证明了一个采纳西方民主体制的国家如何在大炮和黄油之间作选择的。。任何人都明白，军事是政治的延续。决定战争的因素并不仅仅是实力，否则小小的朝鲜何以敢在美国头上动土？。显然印度之顽固是另有他因。印度也在赌中国绝不会以武力手段解决这场冲突。。从国内因素讲，一是2017年是中国的特殊年份，决定中国未来五年到十年甚至更长远发展的十九大就要召开。十九大的成功召开自然离不开一个稳定的内外部环境。。二是中国新一代领导人为应因发展的需要，创造性、前瞻性地推出""一带一路""战略。印度是""一带一路""上的重要国家，如果中印发生武装冲突，这个战略既使不失败也将困难重重。。三是中国一直强调和平崛起，一直主张以和平手段解决领土争端。如果中印冲突以武力收场，印度不管胜败，都会对中国和平崛起之路制造强大的国际性障碍。。世界各国包括印度都明白，中国当前的最高国家利益是实现现代化， 在它们看来，中国断不会为了此一地区而大动干戈。。从国际因素讲，一是美国、日本包括部分南海争端诸国以及民进党统治下的台湾，都为印度摇旗呐喊、敲鼓打气，希望制造各种事端遏制中国（大陆）的崛起，看热闹的不嫌事大，中印冲突谁胜谁败已经不重要，只要战争开启，中国就已经付出巨大代价----当然它们更期盼中国输掉这场战争或被战争死死拖住，它们更能够火中取栗。。二是俄罗斯虽然目前对中国相当依赖，面对印度这个人傻钱多的长期盟友，也依然会保持中立，这个国家不讲是非、只看利益，大炮一响黄金万两，内心非常乐见中印发生一场冲突。。三是以中国为重要成员而且一定程度化解西方压力的上海合作组织、金砖五国集团对于中国在全球的地位和影响力非常重要，但是中印军事冲突将动摇这两个组织甚至解体，这确实不是中国所愿的国际形势。。四是战争一旦发生，中国将会在国际上陷入孤立。这并不是因为中国""失道寡助""，而是国际环境使然，除了巴基斯坦，目前没有国家站在中国一边，甚至连中国长期不惜代价保护和支援的朝鲜都对中国冷眼视之，中国事实上被侵犯，但全世界90%以上的国家保持中立，包括那些国际上几十年如一日长期向我们伸手索钱索物的“老朋友”。。在西方眼里，印度是和它们一样的民主国家，自然要站在印度一边。而且中国的崛起正在撼动西方对世界的统治，被视为对它们的威胁。。我们不妨对照一下1962年的战争，尽管今天的西方也承认当时是印度在挑衅（马克斯维尔任伦敦《泰晤士报》驻南亚记者期间报道了战争，其专著《印度对华战争》指出战争实际上由印度挑起。。美苏两大强权在当时意外地同时支持印度，并向印度提供武器、物资援助及国际舆论的支援，美国甚至当时曾警告若中国再不停火则会派遣军队支援印度。。。。从印度的角度讲：。一是采用西方民主制度的国家往往无法有效控制民粹主义。它一方面要面对新闻自由名义下对极端民族主义的宣扬和被煽动起来的高涨民意，另一方面它也要面对反对党借机发难。假如它要退让，就会被反对党攻击为软弱，并会利用这一点去赢得选举。。虽然印度面对这样巨大的外部挑战，但这种民主制度导致了国内各方力量不可能团结一致，也不可能从国家真正的利益出发。。否则1962年的惨败就不可能发生。所以说西方鼓吹的民主国家不会发生战争的论调与事实并不符。。另外，由于长期歪曲的教育灌输，所有接受过教育的印度人，都接受了""中国占领印度领土""的虚假观念。这种国内氛围使边界争端很容易发展为危机。。二是印度认为时间不在自己这一边。。目前中印两国的实力进一步拉大，中国越来越接近完成现代化的目标。真到了那一天，印度将毫无和中国讨价还价的能力。。虽然海内外的自由派学者包括印度学者本身都非常主观、乐观的认为印度已经完成最困难的制度转型，而中国早晚会因为制度问题而垮掉。。但这种论调显然没有办法影响到印度的政治精英（也包括日本、南海争端诸国），它们以行动证明了中国的现代化成功是必然的，它们要赶在这一天成为现实之前向中国挑衅，以尽可能换取更多的利益。。三是印度认为双方都是持有核武器的国家，自人类进入核时代以来，拥有核武器的国家是不会发生战争的。印度虽然在各方面都落后于中国，但拥有核武器却能抹平这些所有差距。这和朝鲜的认知是一样的。。四是印度认为中国比印度更不能承受战争的风险。。印度如果战败，不过是换一个政府，但中国如果战败，则极有可能导致体制垮台。因此自认在战争意志上要高于中国。。不过事实可能正相反：由于中国更不能承受失败的代价，所以一旦开战就必须取胜。。而且由于历史原因，中国在主权问题上格外敏感，是政权合法性最重要的因素，绝无妥协让步的可能。。不过，不管印度打的什么算盘，但真要到了军事解决的地步，印度的代价也将十分高昂。。一是莫迪的改革将就此夭折，印度好不容易又重新步入增长轨道的经济将可能再次沉沦。莫迪自己的政治生命也告终结。。二是印度作为新兴国家，中国的市场和投资、上合组织和金砖国家平台都将丧失，印度的发展前景将转入暗淡。。三是经济困境下，印度一向复杂的政局将进入另一个动荡期。。作为一名海外华人，还是希望印度能够吸取1962年的教训，以免亲者痛、仇者快。。当时的印度就是误判形势，以为中国不会真正的作出反应----分析印度失败原因的《亨德森·布鲁克斯报告（The Henderson Brooks Report）》说印度参加战争""并非根据自己的实力，而是因为认为中国方面不会做充分反应。""前车之鉴“当铭记。（BBC）"
中印对峙新消息令人咋舌,http://mp.weixin.qq.com/s?src=11&timestamp=1509464429&ver=486&signature=yYdFYkdDg4e0AHzu3enTKfi5tbRhv1ivIzTibp8qMwYIQR7qRiyTW0LDdPKyVyTkr2ox59CS92Y8oiSU35YeXijWdh4A8KS*EC57J*U74uuhmmq1PuXO-KSBkgJPI1Hi&new=1,《。》。印度自持国力增强，军事大增，背后还有美国“鼎力”支持，竟欲重走五十年前老路，蚕食中国领土。在中国多次严正警告后不仅不撤兵，反而还在不断增兵。。印度国防部长甚至狂言，2017年的印度不是1962年的印度，誓与中国决一高下的架势。印度参谋长更狂妄，不惧2.5线作战，对中国发出赤裸裸战争威胁。。据***7月4日援引《印度快报》的报道称，中印两国军队各自向这场面对面的对峙部署了约3000名士兵，印军士兵“枪口朝下，进入非战斗模式”。洞朗地区的对峙已经超过2013年中印双方在边界线东段僵持21天的“帐篷对峙”，成为1962年边界战争后最严重的一次事件。。印度媒体如此报道，虽有掩盖、粉饰印度意思，但也从侧面证实印度已在洞朗地区增兵，企图通过这种贼喊捉贼方法，吞并中国领土，印度的这种阴谋绝不会得逞!。1962年的中印战争，是由印度入侵中国挑起的。当时的中国刚刚经历三年自然灾害，国力极度贫瘠，经济、军事发展举步维艰，而印度各种实力明显强于中国，当时的印度高层错误地认为，如果这个时候侵占中国，中国定然不敢与印度抗衡。。故而，派出大量军队，同时从东中西三个方向，侵犯中国领土近9万平方公里，打死打伤中国军人几十名。。中国多次警告，小范围反击，但印度依然得寸进尺，甚至蛮横无理继续“前进”，公开欺侮中国。在此忍无可忍情况下，中国奋起还击，三路出击迎头痛击侵略者，战争持续一个月，最终以印军阵亡3770多人，中国仅牺牲790人代价，结束了这场战争。中国一出手就将印度打趴!。按理说，印度应该从这场失败的战争中接受教训，痛定思痛，好好建设，富足人民。可心胸狭窄的印度，不仅不反思悔改，相反加快扩军步伐，陆军人数扩大一倍，甚至组建7个专门针对中国的山地师部署至北部边境。。此后数年间，印度继续还是仗着人多势众，武器装备“精良”，多次入侵中国境内，干扰中国边境建设，打死打伤中国军人，均被中国军队奋起还击，打得满地找牙。。两次比较着名的还击战分别是1967年9月11日-15日发生在乃堆拉山口的还击战;1967年10月1发生在卓拉山口的还击战，共歼灭印军101人，中国以牺牲30多人代价赢得了这两次小规模反击战。。连续三次战争，让印度彻底懵了，此后未敢再轻举妄动。自此，中印边境保持了几十年的和平。。五十多年过去了，印度一直没有从失败的阴影中走出来，反而自恋于“日新月异”的经济发展，自恋于“突飞猛进”军队建设，依赖于从美国购买的“性能卓越”的军事武器，欲行再来中国领土上撤野，皮痒痒欠揍。。虽然印度也深知中国发展比印度更快，综合国力挤身世界大国行列，经济发展成为全球第二大经济体，军事实力排在前位，印度哪里都不能与中国抗衡，但印度还是不死心，妄图通过边境骚扰来牵制、困绕中国，阻止中国发展。。这次中印对峙中，显然又是印度军队越界进入中国洞朗地区，阻挠中国工程建设，还反咬一口说是中国军队侵入印度领土，这种手法与五十年如出一辙，中国有清晰的照片给予证实;印度自称为了保护盟国不丹的领土安全，可不丹政府事先不知情，不丹的声明透露了印度的谎言，这与当年印度以保护锡金领土安全为由，出兵侵入中国如出一辙;。中国外交部发言人耿爽地在7月3日例行记者会上的一语话，更是戳破印度假面具。他表示：“印方为了掩盖印军非法越界，不惜歪曲事实，甚至不惜以损害不丹的独立主权为代价，试图混淆是非，这是徒劳的”!。有军事专家分析认为，印度这次侵入中国领土实施骚扰，有可能是配合美国包围中国的一大阴谋。。美国近期围绕中国恶招不断：武力介入南海巡航;先后两次武装侵入中国岛礁12海里;通过台湾旅游法案、通过军舰停泊台湾相关港口议案、向台湾出售武器等等，所有这些，都是困绕、牵制、遏制中国的;印度总理莫迪刚从美国访问回去，购回了大量无人机、战斗机之后，就出现了入侵中国事情，很难让人不怀疑美印针对中国有着不可告人的勾当。。中国决不会挑起战争，但中国也不惧战争。如果印度还是在越境这事上强辞夺理，甚至增兵摆开与中国战争的架势，那中国必然会针缝相对，果断应对，必要时重拳出击，给予致命一击，再次将印度彻底打趴。印度如果不信，可以放马过来一试!
"尼泊尔电视台激烈讨论中印对峙,尼专家:我们应该说实话",http://mp.weixin.qq.com/s?src=11&timestamp=1509464429&ver=486&signature=2F5jG8CXVlhAWCboLb5TW7hcGQeKcuuKLOVcMmH86AmYgoMU1T7p4Qxzzj5lS0IBKdq3PK4d49AHAlWlNgjUgpft2KMHvpM0XBb6zCG1ec16WPnnKTjVAgQ2uPpBRezE&new=1,
"中印对峙,终于有个“大国”出来支持印度!可还没过一天就怂了",http://mp.weixin.qq.com/s?src=11&timestamp=1509464429&ver=486&signature=vMJ4JBgZVZb5KI-4QlRuJJY4c-OObcz0caGhw56HRUXG7mjIqp8AzXUP*G9zAiodkA*d7Z4RSU5SSEEEhufxHk--zIYplZTlYR5Fm7GKedmJhbwqc8NDg0iMwY3ielEI&new=1,据环球时报消息，《印度快报》等多家印度媒体18日报道，洞朗对峙两个月后，印度终于获得了一个大国的支持：日本。。日本驻印度（兼不丹）大使平松贤司表示，日本“反对任何一方以武力改变现状”，认同印度介入洞朗问题是“基于同不丹的双边协议”。。《印度时报》18日称，平松贤司对印方表示，“关于印度的角色，我们理解印度介入这一争端，是基于和不丹的双边协议”，“争议地区最重要的是，相关各方必须停止以武力单方面改变现状，以和平方式解决争端”。《印度快报》称，日本与中国也有领土争端，这一言论“明显是批评中国”。在接受《印度斯坦时报》采访时，平松贤司17日表示，“不丹和印度签署有安全协议，这就是印度介入此次争端的原因”。。就在印度媒体欢呼还不到一天，日本驻印度大使馆随即否认了相关报道内容。。日本驻印度大使馆称，平松大使接受印度媒体采访时仅仅强调了不应“以武力单方面改变现状”的重要性，否定了“日本支持印度”的报道内容。。不过，从之前印度媒体报道中也可以看出，印度对日本抱有强烈期待，希望在对华策略方面得到日方协助。。本期编辑 郦晓君
血饮|中印边界对峙深层次的原因可能是你想不到的!,http://mp.weixin.qq.com/s?src=11&timestamp=1509464429&ver=486&signature=60DnFu6GFYME0QAhc5EMd6DLmlK1zgBuruFkV1T9DsTA4-95cqF6PqkeNZ-6j0wPiiiEXRHYfYqHtXb966aOuWJVhGXUwfKIR0qFaZDLHuRbrHsgJOgLe2xrQJuM8ZdI&new=1,中国和印度是两大古老文明、两个最大的发展中国家和新兴市场国家，是世界多极化进程中两支重要力量，两国关系具有战略意义和全球影响。中印携手合作、共同发展，将给两国25亿人民带来福祉，给亚洲带来繁荣，给世界带来机遇。我期待通过这次访问，传承友谊、深化合作、共谋发展。我愿同印度领导人一道，做中印关系的积极推动者，携手努力将中印面向和平与繁荣的战略合作伙伴关系提升到新的高度”——习近平，2014年9月于印度首都新德里。。 。7月13号是个值得庆祝的日子，一代民逗的“领军人物”LX-B因多脏器衰竭，抢救无效死亡。作为一个鼓吹美式民主和殖民理论的推墙党，我们可以将其称为铁杆美分。他的死亡标志着，海外流亡的异见人士尤其是跪舔西方的舆论渣滓们的穷途末路。他的个人悲剧也是这群loser（失败者）投靠美国没有希望的真实写照。。个人和群体里面会有这种唱多美国永远看空中国的铁杆美分，那么国家里面有没有呢？答案是有的。这个国家就是印度。很多人一直将印度看成一个独立有特色的大国，但是很少有人能够看到这个国家的内在。美国历史学家斯塔夫里阿诺斯说过，印度是一个骨子里被西方的铁与火彻底征服的民族。与海内外的民逗推墙党一样。印度对于自己的继母大英帝国和继承她衣钵的美国有着变态的依恋。虽然饱受继母的虐待，但是依旧对其不离不弃，英式政治制度和大国博弈战略都深深的烙印进印度的灵魂。。 。模仿的久了，作为铁杆美分的印度就觉得自己是大英帝国再生，继承英国殖民主义的印度完成了从受虐者到施暴者的转变。吞并锡金时进行大屠杀就是这种变态心理的体现。与英美七十年来不断唱衰中国一样，对中国采取俯视态度，如果不是1962年被中国打的满地找牙，现在的印度恐怕会更加趾高气扬。与民逗推墙党的失败一样，中国在嘲讽中不断卧薪尝胆、奋发图强。七十年过去了，中国将起步高于中国的印度远远甩在了后面。对比中印七十年的发展就能够看出印度才是那个真正的loser。。更可笑的是，印度精英在西方媒体的洗脑下，对中国的认知却停留在七十年前，对于这样的国家只能用夜郎自大来形容。一个国家的实力取决于工业制造业和国民教育素质，中国在人口青壮年占比最高的阶段果断开始改革开放，全力发展国民经济。印度则在青壮年劳动力占比最高阶段不思进取、原地踏步，按照这个速度，没等未来印度进入社会老龄化，国家经济就将提前进入崩盘倒计时。。 。中印差距不断拉大的时候，中印矛盾就开始上升，边界对峙就在这样的背景下发生了。关于中印冲突的分析已经很多了，在这篇文章中血饮不想只分析中印双方，而是将中印冲突放在整个欧亚大陆博弈的大棋局中分析，从更高的角度上看中印冲突，这样才能得出正确结论。。首先在对峙事件发生以后莫迪出访了美国、以色列等西方国家，这显示印度继续寻求犹太集团的支持，而西方也希望借助印度制衡中国，作为回应以色列对印度出售八千多枚长钉反坦克导弹，这些导弹是为谁准备的呢？不言而喻！（鼓吹以色列对华友好的公知的狗脸应该被打肿了）美日与印三国航母在孟加拉弯举行军演，表示对印度的支持。7月11号缅甸国防军总司令敏昂莱开启了为期8天的对印访问，这让印度媒体都“兴奋坏了”。。印度显然想与美日缅甸以及可能的越南合作，重拾东进战略。即重演小布什上台时候的战略，即占领阿富汗向东北渗透中亚、新疆、蒙古，从西部和北部合围中国；向东南方向拉拢印度、缅甸、越南从南部合围中国，斩断东南亚与中国的联系。。这是美国长期以来围堵中国的战略，那么为什么在这个关口突然发生呢？一连串事件均发生于今年5月份美军重返阿富汗。美军之所以要重返阿富汗是要复活大中东-大中亚计划的棋眼阿富汗。之所以复活这个棋眼，源于美国在叙利亚战场的失败。美国从中东向大中亚地区渗透最大的障碍就是伊朗，拿下伊朗就等于拿下里海地区油气资源。。 。美国本想支持恐怖分子利用代理人战争斩断伊朗的左膀叙利亚，然后联合沙特和以色列与驻阿富汗美军一起拿下伊朗。但目前叙利亚局势正在朝着有利伊朗的方向发展，美国以色列沙特的压力在不断增大，美国在这个当口增兵阿富汗，显然是要伊朗侧后方下手，以期挽回在叙利亚战场上对中俄的劣势，减轻在中东地区压力。这是以色列美国愿意给印度大量支持的根本原因。下图为长钉反坦克导弹。。中国作为俄叙两伊背后的支持者，自然也在要对付的目标中。美国正在将恐怖分子转移到阿富汗东南部省份，利用恐怖分子扰乱一带一路南线的目标。目前到来的ISIS恐怖分子还只是少数，未来随着恐怖分子地盘的扩大，美军的支持和训练跟上，那么未来恐怖分子就会在阿富汗地区坐窝，不断壮大，就像ISIS在伊拉克壮大以后进入叙利亚一样，这些恐怖分子必然会进攻周边的伊朗、巴基斯坦、中国、土库曼斯坦等，美国将在中东之外开辟中亚恐怖主义战场。。 。美国明面上增兵阿富汗实际上是想复制叙利亚模式，搅乱欧亚大陆内部。对此要保持清醒的认识。制造欧亚大陆的混乱一直是美国战略的一部分。上合组织的每一次整合都是美军入侵和搞乱阿富汗的起点，2001年6月15号中俄成立上合组织，4个月后美军入侵阿富汗；2017年4月21号，上合表示将接纳巴基斯坦和印度加入，上合实现首次扩员。4月25号美国国防部长马蒂斯突访阿富汗表示要“共同打击恐怖主义”。。5月3号美国高调表示要重返阿富汗消灭ISIS。ISIS已经被塔利班和政府军从3000人消灭到了800人，还需要你美国来打击吗？既然打击ISIS，你为什么还把叙利亚的ISIS用军用飞机运输到东南部地区？为什么避开ISIS，将主要军力对准阿富汗塔利班所在省份？美国就是这么虚伪。。长期跟踪，血饮也发现一个规律，一个地区出现恐怖分子后只要美国军事介入，该地区的恐怖分子立马壮大起来。以菲律宾马拉维市的ISIS为例，本来已经被菲律宾政府军控制住了局势，但不请自来的美军介入以后ISIS奇迹般的挽回了战场局势。同样的一幕早在2012年也曾经上演，ISIS南下攻击伊拉克政府军，掌握海空军优势的美国宣布支持伊拉克政府军反恐，结果是ISIS愈加壮大，政府军被打的一败涂地。如此多的证据只能证明美国就是恐怖主义背后的支持者。。 。那么这里就有个问题，印巴加入上合以后阿富汗地区就陷入了包围圈，而中俄的意图也是将阿富汗美军困死。很显然美国要想在这个地区执行扰乱战略，就必须找到一个帮手。而随着中国实力不断增长，特别是一带一路的发展，都让印度的战略焦略加剧。。下面我们就来分析下美印勾结的现实性和紧迫性：。 。首先来看下中巴经济走廊，印度一直谋求在中亚地区建立军事基地，迂回到巴基斯坦背后，两面夹击。而中巴经济走廊虽然名义上是经济为主，但仔细看地图就会发现，这条走廊实际上切断了印度政治经济辐射阿富汗中亚的可能性，增加了印度的战略压力。中巴经济走廊不仅连接中巴，在中部的巴沙瓦地区向北就是阿富汗，从喀布尔经开伯尔山口到巴沙瓦距离非常近，南部地区通过铁路又能够与伊朗南部连接，规划中的伊朗巴基斯坦到中国的油气管道如果修成，那么中国将同时整合巴基斯坦、阿富汗和伊朗，正好把印度给晾在那里。。 。在这里印度对中国存在明显的误判，中国修建中巴经济走廊是为了打通丝绸之路南线。如果该走廊建设完成，那么中国就可以与伊朗建立直接联系。经伊朗下中东那就如猛虎下山，与伊拉克、叙利亚、黎巴嫩建立紧密联系。之前中国与四国都签署了军事协议，等于盘活了中国在该地区的所有势力。苏联和美国七十年来阻止中国西进的战略将完全破产。中国是削尖了脑袋要进入中东地区，挖石油美元的祖坟。但在印度这个南亚霸主看来中国在该地区的发展处处针对印度，印度太把自己当回事了，他的这点心思中国根本不在意。再加上印度称霸南亚的战略意图，阻止中国在该地区的扩张就成为印度的下意识行为。。而美国呢？同样对中巴经济走廊耿耿于怀，2009年2月美国在中亚最后一个军事基地驻关闭，代表着美国对华C形包围圈在西部出现重大缺口。中国逐步控制南海以后，中南半岛和东南亚地区进入中国军力辐射范围内，包围圈的南部也出现了重大缺口。美国精心构筑的包围圈成了一个破渔网，到处是洞。中国借中巴走廊连通伊朗进入中东的话，将与俄罗斯在中东地区的势力交汇。这个交汇有多么重大的意义呢？二战时期轴心国规划的侵略路线就是德日在苏联的西伯利亚和中东会师。会师完成的话，意味着欧亚大陆尽入轴心国之手，英美为首的反法西斯阵营彻底失败。当然法西斯轴心国是不会成功的，中国和俄罗斯也不是轴心国，不过这个进军路线是有其科学依据的。。 。要想断中国进入中东的丝绸之路南线，美国就必须增兵阿富汗，而且美国说干就干。美国国务卿蒂勒森表示，美国决定向阿富汗增兵4500名，北约15国也决定派兵。7月14号美国众议院通过6965亿美元国防预算，支持美军阿富汗作战。7月初美国军用飞机将五十多名ISIS成员运输到了阿富汗东南部楠格哈尔省的贾拉拉巴德地区。楠格哈尔省的开伯尔山口位于阿富汗和巴基斯坦交界处，距离巴基斯坦白沙瓦很近，巴沙瓦正好是中巴经济走廊必经之地。美国直接威胁中巴经济走廊的目标指向已经很明确了。。美国目前只能借助沙特提供的瓦哈比极端分子充当雇佣兵来达到自己的目的。这方面美国要想渗透中亚搞乱新疆和西藏的话，离不开印度的帮助。印度与巴基斯坦争端最严重的是克什米尔。这里就是美国支持的ISIS渗透的主要目标。随着ISIS在叙利亚的失败，美国会将更多恐怖分子转移到该地区。在阿富汗东南部、巴基斯坦北部、克什米尔地区构筑一个恐怖主义巢穴。向西南渗透南疆地区，向东渗透西藏地区，在通过中情局的运作支持东突和赃毒。08、09年西藏和新疆发生的分裂事件均有阿富汗和中亚地区的恐怖组织支持，只不过2011年叙利亚内战爆发以后，恐怖分子大部分进入叙利亚。现在随着恐怖分子回流，美国想故伎重演。。 。在前面说过印度加强与缅甸政府联系，并表示愿意与缅甸政府共同打击缅北武装，维护缅甸统一。实际上印度如果帮助缅甸政府军收复缅甸北部，等于是替沙特支持的瓦哈比分子重新打开进入中国内地的通道。如果该地瓦哈比极端分子经过缅甸东北部地区在进入印度东北邦，再渗透西藏，将会全面触碰中国的核心利益。鉴于印度东北邦分离倾向比较严重，奉劝印度不要引火烧身。。前面我们分析了印度和美国勾结的现实性，现实性是一直存在的，下面我们来说下印度为何在这个时间点跳出来与中国对抗的紧迫性。很多人在分析印度动机的时候忽略了金融因素。而正是这个金融因素构成了印度挑事的紧迫性。。 。其实我们一直以来忽视了一个重要的事实，长达5年多的美元走强在给中国造成巨大经济压力的同时，印度这些国家的日子更不好过。自从美元自2014年大幅走强以来，印度的金融压力有增无减。本国企业和国家借贷的美元债务压得印度喘不过气来。自从美国开启QE量化宽松以后印度一直从华尔街不断借入美元债务。目前为止印度外汇储备约为3600亿美元，截止2015年年末外债规模已经从1000亿美元激增到了4800亿美元，外债与外汇储备比值高达133%。。作为铁杆美分，在美联储年初表态将会加息3-4次以后，风声鹤唳的印度做出了废钞的“壮举”，结合印度糟糕的金融状况，废钞很大程度上是为了阻挡国内资本出逃，缓解外汇储备外流压力。。 。在这里我们再次强调的是紧迫性，也就是今年印度债务偿还的紧迫性。印度每年的贸易逆差高达1000亿美元（其中对华贸易逆差就高达500亿美元），再加上外资出逃、1900亿美元短期债务、3个月进口所需900亿美元，印度今年要支出的美元与外汇储备的比值高达105%。假设短期美元债务到期以后印度不能够偿还，那么对莫迪政府来说经济改革失败的黑锅就要背上了，同时代表莫迪政治生涯的终结。。 。在这里我们要注意到短期债务应付款项与外汇储备比值105%这个数值，超过100%代表的就是一个国家的国际收支完全失衡。接下来就是国内动荡，经济崩溃这是任何国家领导人无法承受的后果。2015年11月24号，土耳其击落俄罗斯战机的时候，土耳其的短期债务与外汇储备的比值刚好是104.3%。对于已经接近独掌大权的埃尔多安来说，他实际上已经被国家金融状况逼到了绝境。而土耳其欠下的美元债务债主就是犹太华尔街，于是走投无路的土耳其出兵叙利亚北部以推翻巴沙尔、狙击俄罗斯为条件换取西方宽限债务。于是土耳其才悍然击落俄罗斯战机，这本质上这就是一场交易。。而现在印度短期应付债务与外汇储备的比值又再次超过了100%，如果今年印度得不到债务宽限和美元融资的话，经济破产和大规模政治动荡不是莫迪所能承受的。所以莫迪才会制造中印边界对峙以后出访美国，在出访犹太大本营以色列寻求债务宽限和融资。而美国和以色列对这场交易显然是欣然应允，以色列大规模出售反坦克导弹给美国和美日出动航母为印度助阵就是给印度的支持。。 。对美分印度来说，与中国边境对峙总比政治生命终结来的好，但是我们说与犹太华尔街做交易就是与虎谋皮。短期债务也许可能会宽限，但不可能全部给你免除债务，也不可能帮印度解决国内经济问题，华尔街要的是印度与中国结成死仇，在这里牢牢牵制住中国。这就需要印度付出血的代价，而且中国在天时地利人和上均占据优势，一旦打起来就不是印度说收场就能收场的。。找到中印冲突问题的两个根源那么中国就可以对症下药，化解中印对峙，就应该效仿土耳其。为了缓解土耳其外汇储备紧张，中国与土耳其签署本币互换协议，同时中国将土耳其里拉纳入人民币指数。中国三大国企招商局国际，中远太平洋和中投海外联手以9.4亿美元收购土耳其Kumport集装箱码头港口。并且中国大力邀请土耳其参加中国一带一路建设，促进在双方贸易发展。。 。对印度来说，中国也应该对其提供金融支持，9月份金砖国家会议将在中国厦门举行，这次会议上可以探讨以金砖国家银行为平台对印度展开信贷支持。同时签署中印本币互换协议，加强在双方贸易中本币的使用。经贸方面，中国应该邀请印度加入一带一路建设，包括将印度接入中巴经济走廊。。当然中国的政策实施也需要印度拿出诚意，如果印度偏执的在与中国对抗的道路上滑行，不愿意放弃霸权主义，那么中国的雷霆手段不是他能够承受。虽然目前是中国进军中东千载难逢的机会，但并不表示我们会以核心利益做代价。狭路相逢勇者胜，中国并不惧怕战争。经济与军事并重才能够成功解决这次中印对峙事件。。 。印度的深层次问题要解决最终依靠的是发展，一个完成工业化的印度、一个服务业占GDP超过70%的国家，印度要做的事情还很多，这些问题的解决也不可能依靠西方来解决，更不可能指望通过中印战争来解决，而且你也打不过中国。。所以奉劝印度放弃虚无缥缈的大英帝国梦，踏踏实实走上强国富民路。。到目前为止，俄罗斯没有对中印对峙直接表态，但并不表示俄罗斯没有态度。中俄战略协作，俄罗斯在亚洲东部主要给中国助攻，7月5号中印对峙20天的时候，16艘俄罗斯海军舰艇进入日本海，俄罗斯嘴上不说，但是用实际行动威胁日本，这是对日本参加孟加拉湾军演的直接警告。。中俄战略协作的水平在不断上升，新兴大国关系更加巩固。。货币战争看不见硝烟弥漫，俯视之下却是血流成河。胜利者权杖上的红宝石摇曳着嗜血的光芒，却不见王座之下尸骨累累。原创不易，喜欢这篇文章就请打赏一下吧。
"中印对峙美国添乱:轰炸机直闯南海,中国如何应付?",http://mp.weixin.qq.com/s?src=11&timestamp=1509464429&ver=486&signature=pNYoYWvLwZmdCfcWrL4zYUBK4O7GRCfyyRWzZ8ZoSuApM7kYyu7P3kyBEWEGyzprj7HvUSAJ7yNA-VzK5-xHqjJ*CLDkb6u4JDjtm7l5dUKPteEzwyMlW1LO5uYxUWSR&new=1,正在中印边境爆发冲突的时候，7月6日，美军B1B战略轰炸机从关岛起飞，并穿越南海进行所谓的“南海飞跃自由”行动。。而针对美军这一行为，最值得重视的方面有两点：要有全面应对重点军事威胁方向的能力，要坚持正确的装备发展方向不动摇。。对中国来说，美军形成的最大军事威胁，始终是来自于关岛等岛链军事体系上的关键节点——特别是关岛这样，拥有大量大型军事基地的核心军事要塞。。而韩国虽然同样有美国驻军，但是由于面积狭小又离中国太近，一旦爆发剧烈的军事冲突，美军军事基地生存能力有限。因此这里一直就不是美国空海军的主力所在。。要应对岛链的威胁，中国需要实现强有力的攻势防御能力。纯粹的国土防空、依托海岸线的近海防御，一定是落个防空防空十防九空的下场；这是中国建国以后几十年的防空屈辱史，一次次反复证明的经验教训。。从最基本的拒敌于国土之外，阻绝美国对中国沿海关键目标发起远程空中打击的能力来说；中国需要有随时两个能投入作战的航母战斗群，搭配大作战半径特别是高速拦截作战半径、能持续高速飞行的五代战斗机，实现远离海岸线的海上大范围制空。。只有把美国的军机——尤其是携带有大量远程对地对海攻击武器的轰炸机、战术飞机挤压出去，使它们根本没有机会进入武器投放的射程之内，中国的沿海安全才能得到保证。同时，这种阻绝能力的另一方面，代表着军事冲突中的对峙能力、尤其是遏制军事冲突升级的能力。。军事威慑力的来源，由三个要素构成：实力、意志、让对手知道并且相信。在军事冲突的过程中，是否拥有足够的意志，意志能不能准确的传达给对手，重要性比单纯的实力要高得多。。对一个根本不敢扣下扳机的懦夫，他手里是过时几百年的火药枪，还是一把AK47，对他的对手来说有实际区别吗？。而意志的体现，需要空间和时间作为载体。在空间上，需要实现我方军事力量寸步不让的贴身相抵，绝不能留给对手肆意进退的余地，必须胸口对胸口，刀锋贴刀锋；对手想要再进一步，就必须踏着双方的鲜血过去。。在时间上，中国军事力量必须要实现在冲突地区能长期性、持续性的存在，直到对方放弃、退缩为止。而在远离海岸线的海上，只有航母战斗群能做到这样的持续存在能力。这是中程弹道导弹所无法达成的军事力量使用效果。。但这绝不意味着中程弹道导弹不重要。因为要构成完整的对岛链威慑能力，要实现针对广岛的毁灭性打击能力，仅仅有航母战斗群是不够的；中程弹道导弹的快速攻击能力、高突防能力，是不可或缺的进攻力量组成。。但是中程弹道导弹由于自身的高昂造价，实际装备数量是不可能太多的，那些喜欢叫嚣东风洗地的军迷，对于中远程弹道导弹的高昂造价根本没有任何概念。在弹道导弹与舰载机之间，中国还需要价格相对低廉的远程巡航导弹作为补充——特别是基于隐身战略轰炸机投放的隐身巡航导弹。。航母战斗群实现国土防御的基本保障，提供对峙和遏制冲突升级的能力。而在爆发激烈冲突和局部战争的情况下，中程弹道导弹负责少量、对时间最敏感、需要第一时间摧毁的固定核心目标；战略轰炸机则在航母提供的制空掩护下，从后方投放巡航导弹，承担起绝大多数的远程打击任务。。在未来，中国要打破岛链这组战略绞索，需要的是一个比现在更完整、更强力的装备体系及其运用能力。从低烈度对峙，到高烈度的直接战争爆发的不同等级情况，中国都要表现出使美国必须承认的意志、具备能让美国遭受他们难以承受损失的能力。。现在国内拥有足够的技术能力，经济上也还能承受军备发展的负担；在装备体系的发展上，只要掌握住总体规划方向，形成足够的能力只是时间问题。。表达对于军事力量的使用意志、让对手相信中国的意志，这或许才是中国军事力量发展上目前面临的最大问题。
"中印对峙,日本支持印度立场?日方这样回应",http://mp.weixin.qq.com/s?src=11&timestamp=1509464429&ver=486&signature=pNYoYWvLwZmdCfcWrL4zYUBK4O7GRCfyyRWzZ8ZoSuBpHv9ru4536591NNb25*qgFqpbkxfOdU5Itw93f1tU24Ky7HIWgBecOKKMhOGKABO166XztDH2O3OofsP3EFbR&new=1,印中两国围绕洞朗高地，已连续对峙长达2个月。部分印度媒体18日报道称，日本驻印度大使平松贤司表示日本政府支持印度立场。。然而，日本驻印度大使馆随即否认了相关报道内容。由该报道可以想见，印度对日本抱有强烈期待，希在对华策略方面得到日方协助。印度时报等媒体报道称，平松大使承认洞朗高地为“不丹的一部分”，日本支持印度立场。与此同时，日本驻印度大使馆称，平松大使接受印度媒体采访时仅仅强调了不应“以武力单方面改变现状”的重要性，否定了“日本支持印度”的报道内容。
"原创丨印巴开打,与中印对峙有关吗?会演变成战争吗?",http://mp.weixin.qq.com/s?src=11&timestamp=1509464429&ver=486&signature=mdrV9N5FPschvGDNuwEeLAyBBB*3G5oYtirHyCjumcxI2PORHYbRu2wJsGixxr24RsQ9rbG7xkUe5q9C9atyH9UW9UgiPVy2x6RPGNrEH2J9Wm6Yd0Ll5oLCEFyOjiNy&new=1,美军驱逐舰闯完中国西沙中建岛12海里，又派轰炸机从南海上空飞过，美军最近如此活跃占豪认为从政治视角上看有三个原因，其中一个原因与最近南海局势有关。相关评论，请参考占豪在新财迷微信公众号的分析点评。
"原创丨中印紧张对峙,中国为何却在西太平洋弹压美国?",http://mp.weixin.qq.com/s?src=11&timestamp=1509464429&ver=486&signature=mdrV9N5FPschvGDNuwEeLAyBBB*3G5oYtirHyCjumcx6i-y8HEeDxpcAaCFxXjonc3M8C7mxZoeZRNhOBRMIc-fwZvi-dNWNkyCqdpsOgO2Yvyq0U3AyW8Fi1Vn79daD&new=1,特朗普一边炮轰朝鲜，一边打电话给中国元首求助，这是几个意思？朝鲜的算盘到底又是什么？请看最新占豪在新财迷微信公众号的分析点评。
